title	author 	genre	status	url	file_path ,title,author,genre,status,url,file_path,views,downloads,page_scraped
,Digital Marketing Cho Doanh Nghiệp Nhỏ,,,,https://ebookvie.com/ebook/digital-marketing-cho-doanh-nghiep-nho/,,,,
,Bạc Trên Cây,,,,https://ebookvie.com/ebook/bac-tren-cay/,,,,
,Bạn có phải Cá Hồi Chum không,,,,https://ebookvie.com/ebook/ban-co-phai-ca-hoi-chum-khong/,,,,
,Biết Từ Chối Chẳng Lo Thua Thiệt,,,,https://ebookvie.com/ebook/biet-tu-choi-chang-lo-thua-thiet/,,,,
,Netflix – Từ Cú Lật Đổ Hollywood Đến Đế Chế Thống Trị Phim Toàn Cầu,,,,https://ebookvie.com/ebook/netflix-tu-cu-lat-do-hollywood-den-de-che-thong-tri-phim-toan-cau/,,,,
,Hướng Dẫn Đầu Tư Chứng Khoán Từ A-Z – VOL.1 Kiến Thức Cơ Bản Về Đầu Tư Chứng Khoán,,,,https://ebookvie.com/ebook/huong-dan-dau-tu-chung-khoan-tu-a-z-vol-1-kien-thuc-co-ban-ve-dau-tu-chung-khoan/,,,,
,Siêu Tăng Trưởng,,,,https://ebookvie.com/ebook/sieu-tang-truong/,,,,
,Siêu Đội Ngũ,,,,https://ebookvie.com/ebook/sieu-doi-ngu/,,,,
,Kinh Doanh – Một Cuộc Chơi Lớn,,,,https://ebookvie.com/ebook/kinh-doanh-mot-cuoc-choi-lon/,,,,
,Kinh Doanh Nhỏ Thu Lợi Lớn,,,,https://ebookvie.com/ebook/kinh-doanh-nho-thu-loi-lon/,,,,
,Vì Sao Phật Giáo Giàu Chân Lý,,,,https://ebookvie.com/ebook/vi-sao-phat-giao-giau-chan-ly/,,,,
,Hàng Long Quyết,,,,https://ebookvie.com/ebook/hang-long-quyet/,,,,
,Giải Cứu Thời Gian,,,,https://ebookvie.com/ebook/giai-cuu-thoi-gian/,,,,
,Siêu Dịch Vụ Siêu Lợi Nhuận,,,,https://ebookvie.com/ebook/sieu-dich-vu-sieu-loi-nhuan/,,,,
,Gan Ơi Là Gan,,,,https://ebookvie.com/ebook/gan-oi-la-gan/,,,,
,Sát Thủ Về Vườn,,,,https://ebookvie.com/ebook/sat-thu-ve-vuon/,,,,
,Thiếu Nữ – Minato Kanae,,,,https://ebookvie.com/ebook/thieu-nu-minato-kanae/,,,,
,Thương Hải Điệp Ảnh,,,,https://ebookvie.com/ebook/thuong-hai-diep-anh/,,,,
,Quái Vật Trong Quán Đồ Nướng,,,,https://ebookvie.com/ebook/quai-vat-trong-quan-do-nuong/,,,,
,Tháp Ngôn Ngữ,,,,https://ebookvie.com/ebook/thap-ngon-ngu/,,,,
,Tâm Lý Học Trong Nháy Mắt Tập 3: Tâm Lý Học Nhận Thức,,,,https://ebookvie.com/ebook/tam-ly-hoc-trong-nhay-mat-tap-3-tam-ly-hoc-nhan-thuc/,,,,
,Chứng Khoán – Hãy Đầu Tư Như Một Nhà Nông,,,,https://ebookvie.com/ebook/chung-khoan-hay-dau-tu-nhu-mot-nha-nong/,,,,
,Bồi Thẩm Cuối Cùng,,,,https://ebookvie.com/ebook/boi-tham-cuoi-cung/,,,,
,Người Tình Tuyệt Vời,,,,https://ebookvie.com/ebook/nguoi-tinh-tuyet-voi/,,,,
,Tổng Hành Dinh Trong Mùa Xuân Toàn Thắng,,,,https://ebookvie.com/ebook/tong-hanh-dinh-trong-mua-xuan-toan-thang/,,,,
,Tôi Có Quyền Hủy Hoại Bản Thân,,Hot,,https://ebookvie.com/ebook/toi-co-quyen-huy-hoai-ban-than/,,17.8K,13.7K,
,Tinh Hoa Đạo Học Đông Phương,,Hot,,https://ebookvie.com/ebook/tinh-hoa-dao-hoc-dong-phuong/,,18K,13.8K,
,Tuyển Tập Truyện Ngắn Vũ Trọng Phụng,,Hot,,https://ebookvie.com/ebook/tuyen-tap-truyen-ngan-vu-trong-phung/,,15.2K,11.7K,
,Marketing Đột Phá,,Hot,,https://ebookvie.com/ebook/marketing-dot-pha/,,16.3K,12.5K,
,Thung Lũng Cầu Vồng,,Hot,,https://ebookvie.com/ebook/thung-lung-cau-vong/,,10.6K,8.2K,
,Ngày Tháng Năm,,Hot,,https://ebookvie.com/ebook/ngay-thang-nam/,,12.7K,9.8K,
,Kiên Ngạnh Như Thủy,,Hot,,https://ebookvie.com/ebook/kien-nganh-nhu-thuy/,,11.4K,8.8K,
,Trọn Vẹn Con Người Tôi,,Hot,,https://ebookvie.com/ebook/tron-ven-con-nguoi-toi/,,11.9K,9.2K,
,Vén Màn Bí Mật,,Hot,,https://ebookvie.com/ebook/ven-man-bi-mat/,,12.9K,9.9K,
,Người Thầy – Nguyễn Chí Vịnh,,Hồi kí,,https://ebookvie.com/ebook/nguoi-thay/,,13.6K,10.4K,
,Những Điều Từng Là Quý Giá,,Hot,,https://ebookvie.com/ebook/nhung-dieu-tung-la-quy-gia/,,15.2K,11.7K,
,Mộng Phù Kiều,,Hot,,https://ebookvie.com/ebook/mong-phu-kieu/,,13.8K,10.6K,
,Lữ Khách Thành Lisbon,,Hot,,https://ebookvie.com/ebook/lu-khach-thanh-lisbon/,,10.3K,7.9K,
,Phân Tích Tâm Lý Học Tội Phạm – Vì Sao Con Người Phạm Tội,,Hot,,https://ebookvie.com/ebook/phan-tich-tam-ly-hoc-toi-pham-vi-sao-con-nguoi-pham-toi/,,16.2K,12.5K,
,Tâm Lý Học Mối Quan Hệ,,Hot,,https://ebookvie.com/ebook/tam-ly-hoc-moi-quan-he/,,18.4K,14.1K,
,Tâm Lý Học Giải Mã Qua Góc Nhìn Điện Ảnh,,Hot,,https://ebookvie.com/ebook/tam-ly-hoc-giai-ma-qua-goc-nhin-dien-anh/,,16.3K,12.5K,
,Zadig Hay Số Phận,,Hot,,https://ebookvie.com/ebook/zadig-hay-so-phan/,,13.1K,10.1K,
,Deep Learning – Nền Tảng Lý Thuyết Các Mô Hình Học Sâu,,Hiện đại,,https://ebookvie.com/ebook/deep-learning-nen-tang-ly-thuyet-cac-mo-hinh-hoc-sau/,,18.3K,14.1K,
,Tro Tàn Của Angela,,Hot,,https://ebookvie.com/ebook/tro-tan-cua-angela/,,7.7K,5.9K,
,Những Vụ Lừa Đảo Nổi Tiếng Thế Giới (3 Tập),,Hot,,https://ebookvie.com/ebook/nhung-vu-lua-dao-noi-tieng-the-gioi-3-tap/,,14.6K,11.2K,
,Gia Cát Lượng – Kẻ Trí Đa Truân,,Hot,,https://ebookvie.com/ebook/gia-cat-luong-ke-tri-da-truan/,,14.9K,11.4K,
,"Gia Đình, Bạn Bè và Đất Nước",,Hồi kí,,https://ebookvie.com/ebook/gia-dinh-ban-be-va-dat-nuoc/,,26.8K,20.6K,
,Án Mạng Trong Vô Thức,,Hot,,https://ebookvie.com/ebook/an-mang-trong-vo-thuc/,,32K,24.6K,
,Mất Kiểm Soát,,Hot,,https://ebookvie.com/ebook/mat-kiem-soat/,,31.1K,23.9K,
,Ngôi Thứ Nhất Số Ít,,Hot,,https://ebookvie.com/ebook/ngoi-thu-nhat-so-it/,,27.8K,21.4K,
,Hồ Sơ Tâm Lý Tội Phạm 2,,Hot,,https://ebookvie.com/ebook/ho-so-tam-ly-toi-pham-2/,,29.4K,22.6K,
,Hội Vệ Nhân – John Grisham,,Hot,,https://ebookvie.com/ebook/hoi-ve-nhan/,,26.2K,20.2K,
,Moby Dick – Cá Voi Trắng,,Tiểu thuyết,,https://ebookvie.com/ebook/moby-dick-ca-voi-trang/,,23.1K,17.8K,
,Cánh Tư – Rebecca Yarros,,Hot,,https://ebookvie.com/ebook/canh-tu-rebecca-yarros/,,29.4K,22.6K,
,Trộm Mệnh: Đôi Cá Âm Dương – Du Hồn Nhập Mộng,,Hot,,https://ebookvie.com/ebook/trom-menh-doi-ca-am-duong-du-hon-nhap-mong/,,18.9K,14.6K,
,Trộm Mệnh: Lư Hương Ngư Văn – Chu Sa Chỉ Lối,,Hot,,https://ebookvie.com/ebook/lu-huong-ngu-van-chu-sa-chi-loi/,,21.8K,16.8K,
,Ngành Sáng Tạo Và Nghệ Thuật Có Gì?,,Kỹ năng sống,,https://ebookvie.com/ebook/nganh-sang-tao-va-nghe-thuat-co-gi/,,28.8K,22.2K,
,Ngành IT Có Gì? – Spiderum,,Hot,,https://ebookvie.com/ebook/nganh-it-co-gi-spiderum/,,31.4K,24.1K,
,Misery – Chiếc Máy Đánh Chữ Đẫm Máu Ở Vùng Núi Tuyết,,Hot,,https://ebookvie.com/ebook/misery-chiec-may-danh-chu-dam-mau-o-vung-nui-tuyet/,,26.8K,20.6K,
,Thiên Hồn – Cao Minh,,Hot,,https://ebookvie.com/ebook/thien-hon/,,19.9K,15.3K,
,Cái Chết Của Những Xác Sống – Tập 1,,Hot,,https://ebookvie.com/ebook/cai-chet-cua-nhung-xac-song-tap-1/,,20K,15.4K,
,Dưới Cánh Cửa Thầm Thì,,Hot,,https://ebookvie.com/ebook/duoi-canh-cua-tham-thi/,,25.1K,19.3K,
,Đừng Bao Giờ Nói Dối,,Hot,,https://ebookvie.com/ebook/dung-bao-gio-noi-doi/,,32.9K,25.3K,
,Thoát Khỏi Bẫy Nhân Cách,,Hot,,https://ebookvie.com/ebook/thoat-khoi-bay-nhan-cach/,,29.7K,22.8K,
,Beartown 2 – Chúng Tôi Đấu Với Các Bạn,,Tiểu thuyết,,https://ebookvie.com/ebook/beartown-2-chung-toi-dau-voi-cac-ban/,,19.9K,15.3K,
,"Beartown – Thị Trấn Nhỏ, Giấc Mơ Lớn",,Tiểu thuyết,,https://ebookvie.com/ebook/beartown-thi-tran-nho-giac-mo-lon/,,27.1K,20.8K,
,Cẩm Nang Của Người Chiến Binh Ánh Sáng,,Văn Hoá - Xã Hội,,https://ebookvie.com/ebook/cam-nang-cua-nguoi-chien-binh-anh-sang/,,22.3K,17.2K,
,Bao Người Chờ Đợi,,Tiểu thuyết,,https://ebookvie.com/ebook/bao-nguoi-cho-doi/,,20.3K,15.6K,
,Bóng Ma Trong Nhà Hát,,Tiểu thuyết,,https://ebookvie.com/ebook/bong-ma-trong-nha-hat/,,17.2K,13.3K,
,Bóng Ma Trên Phố Ginza,,Hot,,https://ebookvie.com/ebook/bong-ma-tren-pho-ginza/,,22.4K,17.2K,
,Vợ Mới Của Chồng Tôi,,Hot,,https://ebookvie.com/ebook/vo-moi-cua-chong-toi/,,19.8K,15.2K,
,Người Phá Vỡ Chứng Cứ Ngoại Phạm,,Hiện đại,,https://ebookvie.com/ebook/nguoi-pha-vo-chung-cu-ngoai-pham/,,19.6K,15.1K,
,"Nóng, Phẳng, Chật – Tại Sao Thế Giới Cần Cách Mạng Xanh Và Làm Thế Nào Chúng Ta Thay Đổi Được Tương Lai",,Văn Hoá - Xã Hội,,https://ebookvie.com/ebook/nong-phang-chat-tai-sao-the-gioi-can-cach-mang-xanh-va-lam-the-nao-chung-ta-thay-doi-duoc-tuong-lai/,,18.8K,14.5K,
,Phono Sapiens – Loài Người Mới Sinh Ra Từ Trong Điện Thoại Thông Minh,,Hot,,https://ebookvie.com/ebook/phono-sapiens-loai-nguoi-moi-sinh-ra-tu-trong-dien-thoai-thong-minh/,,24.5K,18.8K,
,Get Backed – Ai Chống Lưng Cho Bạn,,Hot,,https://ebookvie.com/ebook/get-backed-ai-chong-lung-cho-ban/,,26.2K,20.2K,
,Kim Cổ Cách Ngôn,,Kỹ năng sống,,https://ebookvie.com/ebook/kim-co-cach-ngon/,,18.6K,14.3K,
,Định Luật Murphy – Trương Văn Thành,,Hot,,https://ebookvie.com/ebook/dinh-luat-murphy-truong-van-thanh/,,27.9K,21.5K,
,Dược Sư Tự Sự Tập 1,,Truyện ngắn,,https://ebookvie.com/ebook/duoc-su-tu-su-tap-1/,,19.6K,15.1K,
,Sherlock Holmes Mất Tích – Hai Năm Ở Tây Tạng,,Tiểu thuyết,,https://ebookvie.com/ebook/sherlock-holmes-mat-tich-hai-nam-o-tay-tang/,,24.9K,19.1K,
,Những Ngọn Nến Cháy Tàn,,Hot,,https://ebookvie.com/ebook/nhung-ngon-nen-chay-tan/,,15.9K,12.2K,
,Người Ai Cập – Quyền lực và Tình yêu (Bộ 2 tập),,Tiểu thuyết,,https://ebookvie.com/ebook/nguoi-ai-cap-quyen-luc-va-tinh-yeu-bo-2-tap/,,18.2K,14.0K,
,"Chậm Để Trải Nghiệm, Chậm Để Tận Hưởng, Chậm Để Trưởng Thành",,Truyện ngắn,,https://ebookvie.com/ebook/cham-de-trai-nghiem-cham-de-tan-huong-cham-de-truong-thanh/,,18.1K,14.0K,
,Hex – Thị Trấn Bị Nguyền Rủa,,Kinh dị,,https://ebookvie.com/ebook/hex-thi-tran-bi-nguyen-rua/,,19.3K,14.9K,
,Nơi Nào Có Mẹ Nơi Ấy Là Nhà,,Truyện ngắn,,https://ebookvie.com/ebook/noi-nao-co-me-noi-ay-la-nha/,,23.2K,17.8K,
,Toàn Thư Tâm Lý Học,,Tâm lý học,,https://ebookvie.com/ebook/toan-thu-tam-ly-hoc/,,31.9K,24.5K,
,Thẩm Phán Và Đao Phủ,,Tiểu thuyết,,https://ebookvie.com/ebook/tham-phan-va-dao-phu/,,17.5K,13.4K,
,Chiến Quốc Tung Hoành – Thế Cục Quỷ Cốc Tử Tập 13,,Hot,,https://ebookvie.com/ebook/chien-quoc-tung-hoanh-the-cuc-quy-coc-tu-tap-13/,,23.6K,18.2K,
,Những Món Quà Của Người Da Đỏ,,Văn Hoá - Xã Hội,,https://ebookvie.com/ebook/nhung-mon-qua-cua-nguoi-da-do/,,23.6K,18.2K,
,Chuyện Tính Dục Đông Tây,,18+,,https://ebookvie.com/ebook/chuyen-tinh-duc-dong-tay/,,28.8K,22.1K,
,"Yêu Xứ Sở, Thương Đồng Bào",,Truyện ngắn,,https://ebookvie.com/ebook/yeu-xu-so-thuong-dong-bao/,,21.8K,16.8K,
,Dám Tha Thứ,,Tâm lý học,,https://ebookvie.com/ebook/dam-tha-thu/,,27.4K,21.1K,
,Vượt Qua Bản Ngã,,Kỹ năng sống,,https://ebookvie.com/ebook/vuot-qua-ban-nga/,,31K,23.8K,
,Cát Bụi – Silo Tháp Giống #3,,Viễn tưởng,,https://ebookvie.com/ebook/cat-bui-silo-thap-giong-3/,,23.6K,18.2K,
,Con Đỉa Đỏ,,Tiểu thuyết,,https://ebookvie.com/ebook/con-dia-do/,,30.6K,23.5K,
,Băng Đen,,Hot,,https://ebookvie.com/ebook/bang-den/,,31K,23.8K,
,Đám Mây Chết,,Hot,,https://ebookvie.com/ebook/dam-may-chet/,,25.7K,19.8K,
,Ca Trực – Silo Tháp Giống #2,,Viễn tưởng,,https://ebookvie.com/ebook/ca-truc-silo-thap-giong-2/,,19K,14.6K,
,Hung Trạch – Tập 2,,Hot,,https://ebookvie.com/ebook/hung-trach-tap-2/,,20.7K,15.9K,
,Samurai Trẻ Tuổi (Bộ 8 Tập),,Tiểu thuyết,,https://ebookvie.com/ebook/samurai-tre-tuoi-bo-8-tap/,,25.1K,19.3K,
,Học Cách Học,,Hot,,https://ebookvie.com/ebook/hoc-cach-hoc/,,59K,45.4K,
,Lược Sử Ngôn Ngữ,,Lịch sử,,https://ebookvie.com/ebook/luoc-su-ngon-ngu/,,30.2K,23.2K,
,Thảm Họa Khí Hậu – Chúng Ta Đã Có Gì và Chúng Ta Phải Làm Gì Để Ứng Phó,,Văn Hoá - Xã Hội,,https://ebookvie.com/ebook/tham-hoa-khi-hau-chung-ta-da-co-gi-va-chung-ta-phai-lam-gi-de-ung-pho/,,27.2K,20.9K,
,Lược Sử Vạn Vật,,Văn Hoá - Xã Hội,,https://ebookvie.com/ebook/luoc-su-van-vat/,,30.5K,23.5K,
,Cơ Thể Người – Du Hành Đến Mọi Bộ Phận Cơ Thể Của Chúng Ta,,Y học,,https://ebookvie.com/ebook/co-the-nguoi-du-hanh-den-moi-bo-phan-co-the-cua-chung-ta/,,40.8K,31.4K,
,Kỷ Luật = Tự Do,,Kỹ năng sống,,https://ebookvie.com/ebook/ky-luat-tu-do/,,43.3K,33.3K,
,Pháp Y Tống Từ,,Hot,,https://ebookvie.com/ebook/phap-y-tong-tu/,,33.4K,25.7K,
,Phía Sau Tội Ác Nhân Danh Khoa Học – Tập 2,,Hot,,https://ebookvie.com/ebook/phia-sau-toi-ac-nhan-danh-khoa-hoc-tap-2/,,36.1K,27.8K,
,30 Tuổi – Mọi Thứ Chỉ Mới Bắt Đầu,,Hot,,https://ebookvie.com/ebook/30-tuoi-moi-thu-chi-moi-bat-dau/,,47.8K,36.8K,
,Hung Trạch – Tập 1,,Trinh thám,,https://ebookvie.com/ebook/hung-trach-tap-1/,,34K,26.2K,
,Tinh Hoa Xử Thế,,Kỹ năng sống,,https://ebookvie.com/ebook/tinh-hoa-xu-the/,,43.3K,33.3K,
,Phía Sau Tội Ác Nhân Danh Khoa Học – Tập 1,,Hot,,https://ebookvie.com/ebook/phia-sau-toi-ac-nhan-danh-khoa-hoc-tap-1/,,36.6K,28.2K,
,"Phương Pháp Simon – Cách Học Nhanh, Nhớ Lâu Mọi Kiến Thức",,Hot,,https://ebookvie.com/ebook/phuong-phap-simon-cach-hoc-nhanh-nho-lau-moi-kien-thuc/,,55.6K,42.8K,
,Bà Ngoại Phù Thủy Và Mùa Hè Tập Sự,,Thiếu nhi,,https://ebookvie.com/ebook/ba-ngoai-phu-thuy-va-mua-he-tap-su/,,26.8K,20.6K,
,Grit – Vững Tâm Bền Chí Ắt Thành Công,,Hot,,https://ebookvie.com/ebook/grit-vung-tam-ben-chi-at-thanh-cong/,,34.2K,26.3K,
,Thanh Gươm Do Dự,,Hot,,https://ebookvie.com/ebook/thanh-guom-do-du/,,34.3K,26.4K,
,Cánh Cổng Sát Nhân,,Hot,,https://ebookvie.com/ebook/canh-cong-sat-nhan/,,34.3K,26.4K,
,Dâng Cá Muối Cho Sư Tổ,,Hot,,https://ebookvie.com/ebook/dang-ca-muoi-cho-su-to/,,15.8K,12.2K,
,Nghĩ Giàu Làm Giàu,,Kinh tế - Tài chính,,https://ebookvie.com/ebook/nghi-giau-lam-giau/,,11.5K,8.8K,
,Điềm Tĩnh Và Nóng Giận,,Tâm lý học,,https://ebookvie.com/ebook/diem-tinh-va-nong-gian/,,36.7K,28.2K,
,Mẹ Làm Gì Có Ước Mơ,,Hot,,https://ebookvie.com/ebook/me-lam-gi-co-uoc-mo/,,18.2K,14.0K,
,Sóng Ở Đáy Sông,,Truyện ngắn,,https://ebookvie.com/ebook/song-o-day-song/,,33.4K,25.7K,
,Kế Toán Vỉa Hè – Darrell Mullis,,Kinh tế - Tài chính,,https://ebookvie.com/ebook/ke-toan-via-he/,,20.3K,15.6K,
,Kính Vạn Hoa Chết Chóc: Tập 1,,Hot,,https://ebookvie.com/ebook/kinh-van-hoa-chet-choc/,,17.1K,13.2K,
,Tam Thể 3: Tử Thần Sống Mãi,,Hot,,https://ebookvie.com/ebook/tu-than-song-mai/,,16.7K,12.9K,
,Tuổi Thơ Dữ Dội – Phùng Quán,,Hot,,https://ebookvie.com/ebook/tuoi-tho-du-doi-phung-quan/,,18.1K,13.9K,
,Mũi Hoài Vọng,,Tiểu thuyết,,https://ebookvie.com/ebook/mui-hoai-vong/,,21.1K,16.2K,
,Xứ Sở Diệu Kỳ Tàn Bạo Và Chốn Tận Cùng Thế Giới,,Hot,,https://ebookvie.com/ebook/xu-so-dieu-ky-tan-bao-va-chon-tan-cung-the-gioi/,,19K,14.6K,
,Tiền Đẻ Ra Tiền,,Kinh tế - Tài chính,,https://ebookvie.com/ebook/tien-de-ra-tien/,,26.2K,20.2K,
,Yêu Những Điều Không Hoàn Hảo,,Hot,,https://ebookvie.com/ebook/yeu-nhung-dieu-khong-hoan-hao/,,25.1K,19.3K,
,Thuật Đọc Tâm,,Tâm lý học,,https://ebookvie.com/ebook/thuat-doc-tam/,,33.4K,25.7K,
,Nếu Biết Trăm Năm Là Hữu Hạn,,Hot,,https://ebookvie.com/ebook/neu-biet-tram-nam-la-huu-han/,,36K,27.7K,
,Hoàng Tử Bé,,Hot,,https://ebookvie.com/ebook/hoang-tu-be/,,24.9K,19.1K,
,Cây Cam Ngọt Của Tôi,,Hot,,https://ebookvie.com/ebook/cay-cam-ngot-cua-toi/,,25.7K,19.8K,
,"Không Diệt, Không Sinh, Đừng Sợ Hãi",,Triết học,,https://ebookvie.com/ebook/khong-diet-khong-sinh-dung-so-hai/,,17K,13.1K,
,Nhà Giả Kim,,Kỹ năng sống,,https://ebookvie.com/ebook/nha-gia-kim-paulo-coelho/,,16.8K,12.9K,
,Chiến Tranh Tiền Tệ Tập 1,,Hot,,https://ebookvie.com/ebook/chien-tranh-tien-te-ai-thuc-su-la-nguoi-giau-nhat-the-gioi-tap-1/,,28.1K,21.6K,
,Đắc Nhân Tâm,,Kỹ năng sống,,https://ebookvie.com/ebook/dac-nhan-tam-dale-carnegie/,,25.1K,19.3K,
,Sơn Ca Vẫn Hót – Kristin Hannah,,Hot,,https://ebookvie.com/ebook/son-ca-van-hot-kristin-hannah/,,14K,10.8K,
,Dám Hạnh Phúc – Kishimi Ichiro,,Kỹ năng sống,,https://ebookvie.com/ebook/dam-hanh-phuc-kishimi-ichiro/,,14K,10.7K,
,Sáu Kẻ Bất Hảo: Móng Vuốt Quạ Đen 1,,Hot,,https://ebookvie.com/ebook/sau-ke-bat-hao-mong-vuot-qua-den-1/,,13.8K,10.6K,
,Nghệ Thuật Tư Duy Chiến Lược,,Hot,,https://ebookvie.com/ebook/nghe-thuat-tu-duy-chien-luoc-barry-j-nalebuff/,,25.9K,19.9K,
,Find Me: Tìm Em Nơi Anh – André Aciman,,18+,,https://ebookvie.com/ebook/find-me-tim-em-noi-anh-andre-aciman/,,14.5K,11.1K,
,Hai Số Phận – Jeffrey Archer,,Hot,,https://ebookvie.com/ebook/hai-so-phan-jeffrey-archer/,,29.5K,22.7K,
,Bà Nội Găngxtơ – David Walliams,,Phiêu lưu,,https://ebookvie.com/ebook/ba-noi-gangxto-david-walliams/,,15K,11.5K,
,Và Rồi Chẳng Còn Ai – Agatha Christie,,Hot,,https://ebookvie.com/ebook/va-roi-chang-con-ai-agatha-christie/,,13.6K,10.5K,
,Không Phải Sói Nhưng Cũng Đừng Là Cừu,,Hot,,https://ebookvie.com/ebook/khong-phai-soi-nhung-cung-dung-la-cuu/,,31.8K,24.5K,
,Tư Duy Ngược Dịch Chuyển Thế Giới,,Tâm lý học,,https://ebookvie.com/ebook/tu-duy-nguoc-dich-chuyen-the-gioi/,,30.1K,23.1K,
,Tại Sao Phương Tây Vượt Trội?,,Hot,,https://ebookvie.com/ebook/tai-sao-phuong-tay-vuot-troi-ian-morris/,,13.1K,10.1K,
,Rừng Na Uy – Haruki Murakami,,Hot,,https://ebookvie.com/ebook/rung-na-uy-haruki-murakami/,,15.1K,11.6K,
,38 Lá-Bức Thư Rockefeller Gửi Cho Con Trai,,Hot,,https://ebookvie.com/ebook/38-la-thu-rockefeller-gui-cho-con-trai/,,44.9K,34.5K,
,Chiến Quốc Tung Hoành: Thế Cục Quỷ Cốc Tử Tập 1-8,,Hot,,https://ebookvie.com/ebook/chien-quoc-tung-hoanh-the-cuc-quy-coc-tu-tap-1-8/,,14.6K,11.2K,
,Tâm Lý (Lí) Học Về Tiền,,Hot,,https://ebookvie.com/ebook/tam-ly-hoc-ve-tien-morgan-house/,,29.4K,22.7K,
,Được Học – Educated,,Hồi kí,,https://ebookvie.com/ebook/duoc-hoc-tara-westover/,,16.7K,12.9K,
,Tôi Là Một Con Lừa – Nguyễn Phương Mai,,Hồi kí,,https://ebookvie.com/ebook/toi-la-mot-con-lua-nguyen-phuong-mai/,,12.6K,9.7K,
,Hành Trình về Phương Đông,,Hồi kí,,https://ebookvie.com/ebook/hanh-trinh-ve-phuong-dong-baird-t-spalding/,,13.5K,10.4K,
,Điệp Viên Hoàn Hảo X6: Phạm Xuân Ẩn,,Hồi kí,,https://ebookvie.com/ebook/diep-vien-hoan-hao-larry-berman/,,8.7K,6.7K,
,999 Lá Thư Gửi Cho Chính Mình: 2 Tập,,Hồi kí,,https://ebookvie.com/ebook/999-la-thu-gui-cho-chinh-minh/,,16.2K,12.4K,
,Đường Xưa Mây Trắng,,Hot,,https://ebookvie.com/ebook/duong-xua-may-trang-thich-nhat-hanh/,,13.6K,10.5K,
,Kiếp Nào Ta Cũng Tìm Thấy Nhau,,Triết học,,https://ebookvie.com/ebook/kiep-nao-ta-cung-tim-thay-nhau/,,15.9K,12.2K,
,"Đàn Ông Sao Hỏa, Đàn Bà Sao Kim",,Hot,,https://ebookvie.com/ebook/dan-ong-sao-hoa-dan-ba-sao-kim/,,16K,12.3K,
,Người Đàn Ông Đánh Bại Mọi Thị Trường,,Hot,,https://ebookvie.com/ebook/nguoi-dan-ong-danh-bai-moi-thi-truong/,,12.6K,9.7K,
,Người Giàu Có Nhất Thành Babylon,,Hot,,https://ebookvie.com/ebook/nguoi-giau-co-nhat-thanh-babylon/,,14.7K,11.3K,
,Từ Tốt Đến Vĩ Đại,,Hot,,https://ebookvie.com/ebook/tu-tot-den-vi-dai-jim-collins/,,12.9K,9.9K,
,Điều Kỳ Diệu Của Tiệm Tạp Hóa Namiya,,Hot,,https://ebookvie.com/ebook/dieu-ky-dieu-cua-tiem-tap-hoa-namiya-higashino-keigo/,,17.4K,13.4K,
,Khéo Ăn Nói Sẽ Có Được Thiên Hạ,,Hot,,https://ebookvie.com/ebook/kheo-an-noi-se-co-duoc-thien-ha-trac-nha/,,16.9K,13.0K,
,Đọc Vị Bất Kỳ Ai,,Hot,,https://ebookvie.com/ebook/doc-vi-bat-ky-ai-david-j-lieberman/,,14.5K,11.1K,
,Hiểu Về Trái Tim: Minh Niệm,,Hot,,https://ebookvie.com/ebook/hieu-ve-trai-tim/,,18.5K,14.2K,
,Sổ Tay Nhà Thôi Miên Tập 1 – Cao Minh,,Hot,,https://ebookvie.com/ebook/so-tay-nha-thoi-mien-tap-1-cao-minh/,,18.1K,13.9K,
,"Phía Nam biên giới, phía Tây mặt trời",,Hot,,https://ebookvie.com/ebook/phia-nam-bien-gioi-phia-tay-mat-troi-haruki-murakami/,,14.6K,11.2K,
,Người Tình Sputnik – Haruki Murakami,,Hot,,https://ebookvie.com/ebook/nguoi-tinh-sputnik-haruki-murakami/,,13.1K,10.0K,
,Biên niên ký Chim vặn dây cót,,Tiểu thuyết,,https://ebookvie.com/ebook/bien-nien-ky-chim-van-day-cot-haruki-murakami/,,14.7K,11.3K,
,Người Đua Diều – Khaled Hosseini,,Hot,,https://ebookvie.com/ebook/nguoi-dua-dieu-khaled-hosseini/,,16.3K,12.5K,
,Nghệ Thuật Tư Duy Rành Mạch,,Hot,,https://ebookvie.com/ebook/nghe-thuat-tu-duy-ranh-mach-rolf-dobelli/,,25.4K,19.5K,
,Ác Ý- Higashino Keigo,,Hot,,https://ebookvie.com/ebook/ac-y-higashino-keigo/,,25K,19.2K,
